timestamp,hostname,cpu_usage,memory_usage,disk_usage,running_process_count,network_connections,bytes_sent,bytes_recv,failed_login_count,successful_login_count,root_login_count,unique_ip_count
2026-05-11T22:32:43.405869,subodh-awasthi-Vostro-3500,0.6,41.2,30.3,318,34,97568338,4091112343,0,0,0,0
2026-05-11T22:32:49.419659,subodh-awasthi-Vostro-3500,14.2,40.9,30.3,318,34,97568338,4091112633,0,0,0,0
2026-05-11T22:32:55.430819,subodh-awasthi-Vostro-3500,14.0,41.2,30.3,318,34,97568620,4091112877,0,0,0,0
2026-05-11T22:33:36.731144,subodh-awasthi-Vostro-3500,14.4,42.2,30.3,319,34,97569852,4091117016,0,0,0,0
2026-05-11T22:33:42.742391,subodh-awasthi-Vostro-3500,1.0,41.8,30.3,319,34,97569852,4091117446,0,0,0,0
2026-05-11T22:33:48.766767,subodh-awasthi-Vostro-3500,0.3,41.7,30.3,319,34,97570134,4091117980,0,0,0,0
2026-05-11T22:33:54.780342,subodh-awasthi-Vostro-3500,13.0,42.0,30.3,319,34,97570455,4091118190,0,0,0,0
2026-05-11T22:34:00.791313,subodh-awasthi-Vostro-3500,14.1,42.0,30.3,319,34,97570579,4091118568,0,0,0,0
2026-05-11T22:34:06.803162,subodh-awasthi-Vostro-3500,0.5,41.7,30.3,319,34,97570579,4091118826,0,0,0,0
2026-05-11T22:34:12.816605,subodh-awasthi-Vostro-3500,13.2,41.9,30.3,319,34,97571828,4091120668,0,0,0,0
2026-05-11T22:34:18.827467,subodh-awasthi-Vostro-3500,14.1,41.9,30.3,319,35,97573158,4091121621,0,0,0,0
2026-05-11T22:34:24.846537,subodh-awasthi-Vostro-3500,0.4,41.8,30.3,319,35,97573468,4091123358,0,0,0,0
2026-05-11T22:34:30.860487,subodh-awasthi-Vostro-3500,0.4,41.8,30.3,319,35,97573574,4091125228,0,0,0,0
2026-05-11T22:34:36.874144,subodh-awasthi-Vostro-3500,13.2,42.0,30.3,319,35,97573856,4091126332,0,0,0,0
2026-05-11T22:34:42.884863,subodh-awasthi-Vostro-3500,14.4,41.9,30.3,319,35,97573856,4091127140,0,0,0,0
2026-05-11T22:34:48.896714,subodh-awasthi-Vostro-3500,0.3,41.9,30.3,319,35,97573962,4091127946,0,0,0,0
2026-05-11T22:34:54.910282,subodh-awasthi-Vostro-3500,13.3,41.8,30.3,319,34,97573962,4091128118,0,0,0,0
2026-05-11T22:35:00.921222,subodh-awasthi-Vostro-3500,13.8,41.9,30.3,319,34,97574244,4091128362,0,0,0,0
2026-05-11T22:35:06.939213,subodh-awasthi-Vostro-3500,0.5,41.8,30.3,318,34,97574244,4091128620,0,0,0,0
2026-05-11T22:35:12.953286,subodh-awasthi-Vostro-3500,0.6,41.8,30.3,318,34,97574404,4091129510,0,0,0,0
2026-05-11T22:35:18.966848,subodh-awasthi-Vostro-3500,13.3,42.2,30.3,318,34,97574775,4091129775,0,0,0,0
2026-05-11T22:35:24.977597,subodh-awasthi-Vostro-3500,12.5,42.0,30.3,318,34,97575057,4091130277,0,0,0,0
2026-05-11T22:35:30.992002,subodh-awasthi-Vostro-3500,1.3,41.9,30.3,318,34,97575057,4091130567,0,0,0,0
2026-05-11T22:35:37.006205,subodh-awasthi-Vostro-3500,13.4,41.9,30.3,317,34,97575057,4091130567,0,0,0,0
2026-05-11T22:35:43.017471,subodh-awasthi-Vostro-3500,14.2,42.0,30.3,317,34,97575057,4091131351,0,0,0,0
2026-05-11T22:35:49.029058,subodh-awasthi-Vostro-3500,0.4,41.9,30.3,317,34,97575233,4091131861,0,0,0,0
2026-05-11T22:35:55.043145,subodh-awasthi-Vostro-3500,0.3,41.9,30.3,317,34,97575339,4091132105,0,0,0,0
2026-05-11T22:36:01.057059,subodh-awasthi-Vostro-3500,13.4,42.2,30.3,317,34,97575339,4091132105,0,0,0,0
2026-05-11T22:36:07.068010,subodh-awasthi-Vostro-3500,9.0,41.7,30.3,317,34,97575515,4091132739,0,0,0,0
2026-05-11T22:36:13.091529,subodh-awasthi-Vostro-3500,0.5,41.8,30.3,317,34,97575781,4091133057,0,0,0,0
2026-05-11T22:36:19.104833,subodh-awasthi-Vostro-3500,13.4,41.5,30.3,317,33,97576046,4091133762,0,0,0,0
2026-05-11T22:36:25.123206,subodh-awasthi-Vostro-3500,14.1,42.0,30.3,317,33,97576046,4091134020,0,0,0,0
2026-05-11T22:36:31.134430,subodh-awasthi-Vostro-3500,0.6,41.2,30.3,317,33,97576328,4091134554,0,0,0,0
2026-05-11T22:36:37.148459,subodh-awasthi-Vostro-3500,0.6,41.0,30.3,317,33,97576328,4091134721,0,0,0,0
2026-05-11T22:36:43.162130,subodh-awasthi-Vostro-3500,13.8,41.5,30.3,317,33,97576328,4091134979,0,0,0,0
2026-05-11T22:36:49.173161,subodh-awasthi-Vostro-3500,5.0,41.0,30.3,317,33,97576498,4091135623,0,0,0,0
2026-05-11T22:36:55.187436,subodh-awasthi-Vostro-3500,0.4,41.1,30.3,317,33,97576668,4091135843,0,0,0,0
2026-05-11T22:37:01.201467,subodh-awasthi-Vostro-3500,13.5,40.8,30.3,317,33,97576950,4091136087,0,0,0,0
2026-05-11T22:37:07.212239,subodh-awasthi-Vostro-3500,13.7,41.3,30.3,317,33,97576950,4091136735,0,0,0,0
2026-05-11T22:37:13.223709,subodh-awasthi-Vostro-3500,0.8,41.0,30.3,317,33,97577110,4091136895,0,0,0,0
2026-05-11T22:37:19.238033,subodh-awasthi-Vostro-3500,0.4,41.0,30.3,317,33,97577375,4091137160,0,0,0,0
2026-05-11T22:37:25.251772,subodh-awasthi-Vostro-3500,13.2,41.5,30.3,317,33,97577657,4091138068,0,0,0,0
2026-05-11T22:37:31.270406,subodh-awasthi-Vostro-3500,3.0,41.0,30.3,317,33,97577657,4091138444,0,0,0,0
2026-05-11T22:37:37.284968,subodh-awasthi-Vostro-3500,0.5,41.0,30.3,317,33,97577657,4091138611,0,0,0,0
2026-05-11T22:37:43.298278,subodh-awasthi-Vostro-3500,14.1,40.9,30.3,317,33,97577657,4091139193,0,0,0,0
2026-05-11T22:37:49.309150,subodh-awasthi-Vostro-3500,13.8,40.9,30.3,317,33,97577939,4091139727,0,0,0,0
2026-05-11T22:37:55.320597,subodh-awasthi-Vostro-3500,0.3,41.0,30.3,317,33,97577939,4091140167,0,0,0,0
2026-05-11T22:38:01.335788,subodh-awasthi-Vostro-3500,1.3,41.0,30.3,317,33,97577939,4091140167,0,0,0,0
2026-05-11T22:38:07.349462,subodh-awasthi-Vostro-3500,13.4,41.5,30.3,318,33,97577939,4091140715,0,0,0,0
2026-05-11T22:38:13.360662,subodh-awasthi-Vostro-3500,1.4,41.4,30.3,317,33,97578099,4091140875,0,0,0,0
2026-05-11T22:38:19.374776,subodh-awasthi-Vostro-3500,0.3,41.2,30.3,317,33,97578752,4091141542,0,0,0,0
2026-05-11T22:38:25.388776,subodh-awasthi-Vostro-3500,13.2,40.9,30.3,317,36,97603877,4091167889,0,0,0,0
2026-05-11T22:38:31.399561,subodh-awasthi-Vostro-3500,14.0,41.6,30.3,317,38,97613357,4091176463,0,0,0,0
2026-05-11T22:38:37.411148,subodh-awasthi-Vostro-3500,2.0,41.4,30.3,317,38,97613737,4091176793,0,0,0,0
2026-05-11T22:38:43.425110,subodh-awasthi-Vostro-3500,9.9,41.2,30.3,317,38,97613737,4091177051,0,0,0,0
2026-05-11T22:38:49.436452,subodh-awasthi-Vostro-3500,13.0,40.9,30.3,316,38,97613737,4091177341,0,0,0,0
2026-05-11T22:38:55.450132,subodh-awasthi-Vostro-3500,0.5,40.7,30.3,316,36,97614465,4091178307,0,0,0,0
2026-05-11T22:39:01.464430,subodh-awasthi-Vostro-3500,1.1,40.9,30.3,317,36,97614527,4091178367,0,0,0,0
2026-05-11T22:39:07.477930,subodh-awasthi-Vostro-3500,13.0,41.2,30.3,317,36,97614809,4091179599,0,0,0,0
2026-05-11T22:39:13.488734,subodh-awasthi-Vostro-3500,13.5,41.1,30.3,318,36,97615788,4091180415,0,0,0,0
2026-05-11T22:39:19.500027,subodh-awasthi-Vostro-3500,0.3,41.0,30.3,318,36,97617000,4091181548,0,0,0,0
2026-05-11T22:39:25.514302,subodh-awasthi-Vostro-3500,4.6,41.1,30.3,319,36,97617598,4091182314,0,0,0,0
2026-05-11T22:39:31.526417,subodh-awasthi-Vostro-3500,13.7,41.3,30.3,319,36,97618100,4091183026,0,0,0,0
2026-05-11T22:39:37.539807,subodh-awasthi-Vostro-3500,3.8,41.1,30.3,321,36,97618100,4091183633,0,0,0,0
2026-05-11T22:39:43.553525,subodh-awasthi-Vostro-3500,1.6,41.4,30.3,322,36,97618100,4091183891,0,0,0,0
2026-05-11T22:39:49.564867,subodh-awasthi-Vostro-3500,13.7,41.2,30.3,322,36,97618382,4091184425,0,0,0,0
2026-05-11T22:40:49.054486,subodh-awasthi-Vostro-3500,0.5,41.4,30.3,322,39,97643775,4091210008,0,0,0,0
2026-05-11T22:40:55.068773,subodh-awasthi-Vostro-3500,13.3,41.4,30.3,322,39,97644229,4091210516,0,0,0,0
2026-05-11T22:41:01.079572,subodh-awasthi-Vostro-3500,7.9,41.4,30.3,323,39,97644377,4091210708,0,0,0,0
2026-05-11T22:41:07.103682,subodh-awasthi-Vostro-3500,0.5,41.3,30.3,323,39,97644659,4091211500,0,0,0,0
2026-05-11T22:41:13.116796,subodh-awasthi-Vostro-3500,13.4,41.0,30.3,323,38,97645240,4091212016,0,0,0,0
2026-05-11T22:41:19.128160,subodh-awasthi-Vostro-3500,14.2,41.5,30.3,323,38,97645567,4091212441,0,0,0,0
2026-05-11T22:41:25.140934,subodh-awasthi-Vostro-3500,0.1,41.4,30.3,323,36,97648181,4091214848,0,0,0,0
2026-05-11T22:41:31.155332,subodh-awasthi-Vostro-3500,1.9,41.2,30.3,323,36,97648463,4091215514,0,0,0,0
2026-05-11T22:41:37.168656,subodh-awasthi-Vostro-3500,13.2,41.7,30.3,323,36,97648463,4091215747,0,0,0,0
2026-05-11T22:41:43.179431,subodh-awasthi-Vostro-3500,4.0,41.4,30.3,323,36,97648463,4091216071,0,0,0,0
2026-05-11T22:41:49.194007,subodh-awasthi-Vostro-3500,0.4,41.2,30.3,323,36,97648745,4091216605,0,0,0,0
2026-05-11T22:41:55.207965,subodh-awasthi-Vostro-3500,13.3,41.0,30.3,323,36,97648831,4091217177,0,0,0,0
2026-05-11T22:42:01.218768,subodh-awasthi-Vostro-3500,14.4,41.6,30.3,326,36,97648893,4091217457,0,0,0,0
2026-05-11T22:42:07.230590,subodh-awasthi-Vostro-3500,0.4,41.3,30.3,323,36,97648893,4091218225,0,0,0,0
2026-05-11T22:42:13.244918,subodh-awasthi-Vostro-3500,0.6,41.2,30.3,323,36,97649335,4091218849,0,0,0,0
2026-05-11T22:42:19.258923,subodh-awasthi-Vostro-3500,13.3,41.8,30.3,323,36,97649600,4091219114,0,0,0,0
2026-05-11T22:42:25.269930,subodh-awasthi-Vostro-3500,3.8,41.5,30.3,323,36,97650327,4091219827,0,0,0,0
2026-05-11T22:42:31.284127,subodh-awasthi-Vostro-3500,1.8,41.4,30.3,323,36,97650769,4091220507,0,0,0,0
2026-05-11T22:42:37.307780,subodh-awasthi-Vostro-3500,13.5,40.9,30.3,323,36,97650769,4091220674,0,0,0,0
2026-05-11T22:42:43.318538,subodh-awasthi-Vostro-3500,14.4,41.4,30.3,323,36,97651051,4091221382,0,0,0,0
2026-05-11T22:42:49.335196,subodh-awasthi-Vostro-3500,0.4,41.2,30.3,323,36,97651051,4091221892,0,0,0,0
2026-05-11T22:42:55.349173,subodh-awasthi-Vostro-3500,0.5,41.2,30.3,323,36,97651137,4091222024,0,0,0,0
2026-05-11T22:43:01.363247,subodh-awasthi-Vostro-3500,14.2,41.7,30.3,325,36,97651137,4091222024,0,0,0,0
2026-05-11T22:43:07.374485,subodh-awasthi-Vostro-3500,1.9,41.0,30.3,323,36,97651137,4091222572,0,0,0,0
2026-05-11T22:43:13.388889,subodh-awasthi-Vostro-3500,0.6,41.2,30.3,323,36,97651579,4091222976,0,0,0,0
2026-05-11T22:43:19.402772,subodh-awasthi-Vostro-3500,13.1,40.9,30.3,323,33,97653229,4091224682,0,0,0,0
2026-05-11T22:43:25.413665,subodh-awasthi-Vostro-3500,13.8,41.1,30.3,323,33,97653451,4091225366,0,0,0,0
2026-05-11T22:43:31.432863,subodh-awasthi-Vostro-3500,2.0,41.2,30.3,323,33,97653451,4091225876,0,0,0,0
2026-05-11T22:43:37.456712,subodh-awasthi-Vostro-3500,2.9,41.2,30.3,323,33,97653733,4091226287,0,0,0,0
2026-05-11T22:43:43.468321,subodh-awasthi-Vostro-3500,13.9,41.7,30.3,323,33,97653733,4091226545,0,0,0,0
2026-05-11T22:43:49.486973,subodh-awasthi-Vostro-3500,0.3,41.4,30.3,324,33,97653733,4091226835,0,0,0,0
2026-05-11T22:43:55.501194,subodh-awasthi-Vostro-3500,0.5,41.3,30.3,324,33,97653733,4091227055,0,0,0,0
2026-05-11T22:44:01.515667,subodh-awasthi-Vostro-3500,13.9,41.4,30.3,327,33,97653733,4091227275,0,0,0,0
2026-05-11T22:44:07.526538,subodh-awasthi-Vostro-3500,14.0,41.7,30.3,324,33,97654015,4091228067,0,0,0,0
2026-05-11T22:44:13.538120,subodh-awasthi-Vostro-3500,0.6,41.5,30.3,324,33,97654994,4091228883,0,0,0,0
2026-05-11T22:44:19.552387,subodh-awasthi-Vostro-3500,6.9,41.3,30.3,324,33,97656174,4091230002,0,0,0,0
2026-05-11T22:44:25.562862,subodh-awasthi-Vostro-3500,13.4,41.2,30.3,321,33,97656272,4091230346,0,0,0,0
2026-05-11T22:44:31.576734,subodh-awasthi-Vostro-3500,2.0,41.3,30.3,324,33,97656554,4091231320,0,0,0,0
2026-05-11T22:44:37.599277,subodh-awasthi-Vostro-3500,0.5,41.3,30.3,321,33,97656554,4091231320,0,0,0,0
2026-05-11T22:44:43.613082,subodh-awasthi-Vostro-3500,13.7,41.3,30.3,321,33,97656554,4091231578,0,0,0,0
2026-05-11T22:44:49.631661,subodh-awasthi-Vostro-3500,13.8,41.2,30.3,321,33,97656554,4091231868,0,0,0,0
2026-05-11T22:44:55.643053,subodh-awasthi-Vostro-3500,0.3,41.2,30.3,321,33,97656836,4091232112,0,0,0,0
2026-05-11T22:45:01.656936,subodh-awasthi-Vostro-3500,9.9,41.3,30.3,323,33,97656836,4091232332,0,0,0,0
2026-05-11T22:45:07.674777,subodh-awasthi-Vostro-3500,13.5,41.4,30.3,320,33,97656836,4091233100,0,0,0,0
2026-05-11T22:45:13.686294,subodh-awasthi-Vostro-3500,0.5,41.4,30.3,320,33,97656996,4091233260,0,0,0,0
2026-05-11T22:45:19.700344,subodh-awasthi-Vostro-3500,0.6,41.3,30.3,320,33,97657543,4091233769,0,0,0,0
2026-05-11T22:45:25.713652,subodh-awasthi-Vostro-3500,13.1,41.9,30.3,320,33,97657543,4091234027,0,0,0,0
2026-05-11T22:45:31.724454,subodh-awasthi-Vostro-3500,14.3,41.8,30.3,322,33,97657543,4091234317,0,0,0,0
2026-05-11T22:45:37.736528,subodh-awasthi-Vostro-3500,0.4,41.4,30.3,319,33,97657825,4091234781,0,0,0,0
2026-05-11T22:45:43.750081,subodh-awasthi-Vostro-3500,13.7,41.3,30.3,319,33,97657825,4091235039,0,0,0,0
2026-05-11T22:45:49.762192,subodh-awasthi-Vostro-3500,14.2,41.4,30.3,319,33,97658165,4091235463,0,0,0,0
2026-05-11T22:45:55.774007,subodh-awasthi-Vostro-3500,0.4,41.1,30.3,319,33,97658447,4091235707,0,0,0,0
2026-05-11T22:46:01.788243,subodh-awasthi-Vostro-3500,1.4,41.2,30.3,321,33,97658447,4091235827,0,0,0,0
2026-05-11T22:46:07.811518,subodh-awasthi-Vostro-3500,13.5,41.8,30.3,318,33,97658447,4091236815,0,0,0,0
2026-05-11T22:46:13.822279,subodh-awasthi-Vostro-3500,13.7,41.7,30.3,318,33,97658607,4091236975,0,0,0,0
2026-05-11T22:46:19.833644,subodh-awasthi-Vostro-3500,0.3,41.4,30.3,318,33,97659154,4091237484,0,0,0,0
2026-05-11T22:46:25.847127,subodh-awasthi-Vostro-3500,13.1,41.3,30.3,318,33,97659154,4091237828,0,0,0,0
2026-05-11T22:46:31.858018,subodh-awasthi-Vostro-3500,14.8,41.7,30.3,321,33,97659154,4091238238,0,0,0,0
2026-05-11T22:46:37.869747,subodh-awasthi-Vostro-3500,0.4,41.4,30.3,318,33,97659154,4091238238,0,0,0,0
2026-05-11T22:46:43.884413,subodh-awasthi-Vostro-3500,0.9,41.3,30.3,318,33,97659436,4091239180,0,0,0,0
2026-05-11T22:46:49.898538,subodh-awasthi-Vostro-3500,13.1,41.7,30.3,318,33,97659436,4091239470,0,0,0,0
2026-05-11T22:46:55.909481,subodh-awasthi-Vostro-3500,13.9,41.1,30.3,318,33,97659436,4091239470,0,0,0,0
2026-05-11T22:47:01.920845,subodh-awasthi-Vostro-3500,1.4,41.2,30.3,321,33,97659436,4091239470,0,0,0,0
2026-05-11T22:47:07.941732,subodh-awasthi-Vostro-3500,13.0,41.2,30.3,318,33,97659436,4091240018,0,0,0,0
2026-05-11T22:47:13.952486,subodh-awasthi-Vostro-3500,13.9,41.6,30.3,318,33,97659878,4091240422,0,0,0,0
2026-05-11T22:47:19.966350,subodh-awasthi-Vostro-3500,0.1,41.4,30.3,318,33,97660143,4091240687,0,0,0,0
2026-05-11T22:47:25.980456,subodh-awasthi-Vostro-3500,0.4,41.3,30.3,318,33,97660143,4091241385,0,0,0,0
2026-05-11T22:47:31.994488,subodh-awasthi-Vostro-3500,13.6,41.8,30.3,326,33,97660143,4091241675,0,0,0,0
2026-05-11T22:47:38.006875,subodh-awasthi-Vostro-3500,11.8,41.2,30.3,318,33,97660425,4091241919,0,0,0,0
2026-05-11T22:47:44.021387,subodh-awasthi-Vostro-3500,1.6,41.3,30.3,318,33,97660425,4091242177,0,0,0,0
2026-05-11T22:47:50.034997,subodh-awasthi-Vostro-3500,13.0,41.2,30.3,318,33,97660425,4091242467,0,0,0,0
2026-05-11T22:47:56.045882,subodh-awasthi-Vostro-3500,13.7,41.6,30.3,318,33,97660425,4091242907,0,0,0,0
2026-05-11T22:48:02.058623,subodh-awasthi-Vostro-3500,0.5,41.3,30.3,318,33,97660707,4091243151,0,0,0,0
2026-05-11T22:48:08.073273,subodh-awasthi-Vostro-3500,0.8,41.2,30.3,318,35,97677458,4091252128,0,0,0,0
2026-05-11T22:48:14.086897,subodh-awasthi-Vostro-3500,13.3,41.8,30.3,318,35,97677680,4091252588,0,0,0,0
2026-05-11T22:48:20.105461,subodh-awasthi-Vostro-3500,5.4,41.6,30.3,318,35,97678051,4091254031,0,0,0,0
2026-05-11T22:48:26.129111,subodh-awasthi-Vostro-3500,2.3,41.5,30.3,318,35,97678333,4091254533,0,0,0,0
2026-05-11T22:48:32.142619,subodh-awasthi-Vostro-3500,13.1,41.1,30.3,318,35,97678333,4091254943,0,0,0,0
2026-05-11T22:48:38.153628,subodh-awasthi-Vostro-3500,13.8,41.7,30.3,318,33,97679147,4091256030,0,0,0,0
2026-05-11T22:48:44.165318,subodh-awasthi-Vostro-3500,0.6,41.4,30.3,318,33,97679209,4091257134,0,0,0,0
2026-05-11T22:48:50.179382,subodh-awasthi-Vostro-3500,0.3,41.3,30.3,317,33,97679209,4091257750,0,0,0,0
2026-05-11T22:48:56.193122,subodh-awasthi-Vostro-3500,13.2,41.7,30.3,317,33,97679491,4091258434,0,0,0,0
2026-05-11T22:49:02.204399,subodh-awasthi-Vostro-3500,3.4,41.2,30.3,317,33,97679491,4091258434,0,0,0,0
2026-05-11T22:49:08.219073,subodh-awasthi-Vostro-3500,0.5,41.2,30.3,317,33,97679491,4091259121,0,0,0,0
2026-05-11T22:49:14.232606,subodh-awasthi-Vostro-3500,13.2,41.0,30.3,317,33,97680716,4091260181,0,0,0,0
2026-05-11T22:49:20.244162,subodh-awasthi-Vostro-3500,13.6,41.5,30.3,317,33,97682026,4091261412,0,0,0,0
2026-05-11T22:49:26.255605,subodh-awasthi-Vostro-3500,2.3,41.4,30.3,317,33,97682026,4091261990,0,0,0,0
2026-05-11T22:49:32.269793,subodh-awasthi-Vostro-3500,0.4,41.2,30.3,317,33,97682026,4091262538,0,0,0,0
2026-05-11T22:49:38.283779,subodh-awasthi-Vostro-3500,13.1,41.7,30.3,317,33,97682308,4091264207,0,0,0,0
2026-05-11T22:49:44.296141,subodh-awasthi-Vostro-3500,0.9,41.6,30.3,317,33,97682308,4091264207,0,0,0,0
2026-05-11T22:49:50.310372,subodh-awasthi-Vostro-3500,0.1,41.4,30.3,317,33,97682308,4091264497,0,0,0,0
2026-05-11T22:49:56.324382,subodh-awasthi-Vostro-3500,13.4,41.1,30.3,317,33,97682590,4091264961,0,0,0,0
2026-05-11T22:50:02.335383,subodh-awasthi-Vostro-3500,13.8,41.6,30.3,317,33,97682897,4091265488,0,0,0,0
2026-05-11T22:50:08.351409,subodh-awasthi-Vostro-3500,0.5,41.3,30.3,318,33,97682897,4091265778,0,0,0,0
2026-05-11T22:50:14.365735,subodh-awasthi-Vostro-3500,2.5,41.3,30.3,317,33,97683057,4091265938,0,0,0,0
2026-05-11T22:50:20.377856,subodh-awasthi-Vostro-3500,13.2,41.6,30.3,317,34,97692786,4091275733,0,0,0,0
2026-05-11T22:50:26.389285,subodh-awasthi-Vostro-3500,0.4,41.1,30.3,317,34,97693166,4091276063,0,0,0,0
2026-05-11T22:50:32.404852,subodh-awasthi-Vostro-3500,0.6,41.1,30.3,317,34,97693166,4091276793,0,0,0,0
2026-05-11T22:50:38.418849,subodh-awasthi-Vostro-3500,13.2,41.4,30.3,317,34,97693166,4091277051,0,0,0,0
2026-05-11T22:50:44.429564,subodh-awasthi-Vostro-3500,14.5,41.7,30.3,318,34,97694410,4091285239,0,0,0,0
2026-05-11T22:50:50.441332,subodh-awasthi-Vostro-3500,0.5,41.3,30.3,318,33,97694692,4091285859,0,0,0,0
2026-05-11T22:50:56.455437,subodh-awasthi-Vostro-3500,4.9,41.3,30.3,318,33,97696458,4091287628,0,0,0,0
2026-05-11T22:51:02.466355,subodh-awasthi-Vostro-3500,13.7,41.8,30.3,318,33,97711499,4091298288,0,0,0,0
2026-05-11T22:51:08.478162,subodh-awasthi-Vostro-3500,0.6,41.8,30.3,318,36,97723046,4091309557,0,0,0,0
2026-05-11T22:51:14.492461,subodh-awasthi-Vostro-3500,0.5,41.5,30.3,318,36,97723206,4091309717,0,0,0,0
2026-05-11T22:51:20.506323,subodh-awasthi-Vostro-3500,13.0,41.5,30.3,318,36,97723471,4091310240,0,0,0,0
2026-05-11T22:51:26.517157,subodh-awasthi-Vostro-3500,14.1,41.7,30.3,318,36,97723471,4091310240,0,0,0,0
2026-05-11T22:51:32.528813,subodh-awasthi-Vostro-3500,0.6,41.5,30.3,318,36,97723753,4091310774,0,0,0,0
2026-05-11T22:51:38.543389,subodh-awasthi-Vostro-3500,3.8,41.5,30.3,318,36,97723925,4091311736,0,0,0,0
2026-05-11T22:51:44.560616,subodh-awasthi-Vostro-3500,13.6,41.5,30.3,318,36,97723925,4091311736,0,0,0,0
2026-05-11T22:51:50.580146,subodh-awasthi-Vostro-3500,0.4,41.4,30.3,318,36,97723925,4091312026,0,0,0,0
2026-05-11T22:51:56.595432,subodh-awasthi-Vostro-3500,0.4,41.5,30.3,318,36,97724207,4091312270,0,0,0,0
2026-05-11T22:52:02.609166,subodh-awasthi-Vostro-3500,13.4,41.7,30.3,318,36,97724207,4091312528,0,0,0,0
2026-05-11T22:52:08.620163,subodh-awasthi-Vostro-3500,13.8,41.3,30.3,318,36,97724927,4091313398,0,0,0,0
2026-05-11T22:52:14.633126,subodh-awasthi-Vostro-3500,0.4,41.4,30.3,318,36,97725467,4091314360,0,0,0,0
2026-05-11T22:52:20.648364,subodh-awasthi-Vostro-3500,3.9,41.4,30.3,318,36,97725732,4091314949,0,0,0,0
2026-05-11T22:52:26.659384,subodh-awasthi-Vostro-3500,13.4,41.8,30.3,318,36,97725732,4091314949,0,0,0,0
2026-05-11T22:52:32.671273,subodh-awasthi-Vostro-3500,0.5,41.7,30.3,318,36,97725732,4091315445,0,0,0,0
2026-05-11T22:52:38.685652,subodh-awasthi-Vostro-3500,0.5,41.6,30.3,318,36,97725818,4091315835,0,0,0,0
2026-05-11T22:52:44.699511,subodh-awasthi-Vostro-3500,13.6,41.5,30.3,318,36,97726100,4091316519,0,0,0,0
2026-05-11T22:52:50.712307,subodh-awasthi-Vostro-3500,13.4,41.4,30.3,318,36,97726206,4091317317,0,0,0,0
2026-05-11T22:52:56.731977,subodh-awasthi-Vostro-3500,0.3,41.4,30.3,318,36,97726304,4091317623,0,0,0,0
2026-05-11T22:53:02.746258,subodh-awasthi-Vostro-3500,7.4,41.4,30.3,318,36,97726586,4091318245,0,0,0,0
2026-05-11T22:53:08.756895,subodh-awasthi-Vostro-3500,13.4,41.7,30.3,318,36,97727466,4091319369,0,0,0,0
2026-05-11T22:53:14.768427,subodh-awasthi-Vostro-3500,0.5,41.4,30.3,318,36,97727626,4091319649,0,0,0,0
2026-05-11T22:53:20.782595,subodh-awasthi-Vostro-3500,0.4,41.3,30.3,318,36,97727891,4091320832,0,0,0,0
2026-05-11T22:53:26.796369,subodh-awasthi-Vostro-3500,13.1,41.7,30.3,318,36,97728173,4091321556,0,0,0,0
2026-05-11T22:53:32.807339,subodh-awasthi-Vostro-3500,13.8,41.5,30.3,318,38,97737569,4091330298,0,0,0,0
2026-05-11T22:53:38.818883,subodh-awasthi-Vostro-3500,1.0,41.7,30.3,318,41,97762202,4091361810,0,0,0,0
2026-05-11T22:53:44.833411,subodh-awasthi-Vostro-3500,7.8,41.6,30.3,317,41,97765644,4091363844,0,0,0,0
2026-05-11T22:53:50.845449,subodh-awasthi-Vostro-3500,13.5,41.9,30.3,317,41,97765644,4091364494,0,0,0,0
2026-05-11T22:53:56.859555,subodh-awasthi-Vostro-3500,0.4,41.7,30.3,317,39,97766812,4091365480,0,0,0,0
2026-05-11T22:54:02.873906,subodh-awasthi-Vostro-3500,0.5,41.6,30.3,317,38,97767477,4091366565,0,0,0,0
2026-05-11T22:54:08.887843,subodh-awasthi-Vostro-3500,13.2,41.8,30.3,317,38,97767680,4091367040,0,0,0,0
2026-05-11T22:54:14.898813,subodh-awasthi-Vostro-3500,14.0,41.7,30.3,318,38,97769323,4091368686,0,0,0,0
2026-05-11T22:54:20.910310,subodh-awasthi-Vostro-3500,0.4,41.6,30.3,318,37,97770110,4091369824,0,0,0,0
2026-05-11T22:54:26.924700,subodh-awasthi-Vostro-3500,3.0,41.6,30.3,318,37,97770110,4091370442,0,0,0,0
2026-05-11T22:54:32.935731,subodh-awasthi-Vostro-3500,13.5,41.6,30.3,318,37,97770612,4091371814,0,0,0,0
2026-05-11T22:54:38.947064,subodh-awasthi-Vostro-3500,0.5,41.6,30.3,318,37,97771396,4091372905,0,0,0,0
2026-05-11T22:54:44.961750,subodh-awasthi-Vostro-3500,3.0,41.6,30.3,318,37,97771396,4091373125,0,0,0,0
2026-05-11T22:54:50.973839,subodh-awasthi-Vostro-3500,13.2,41.5,30.3,318,37,97771396,4091373570,0,0,0,0
2026-05-11T22:54:56.984700,subodh-awasthi-Vostro-3500,13.6,41.7,30.3,318,37,97771396,4091374050,0,0,0,0
2026-05-11T22:55:03.003676,subodh-awasthi-Vostro-3500,0.4,41.5,30.3,318,37,97771678,4091375152,0,0,0,0
2026-05-11T22:55:09.018798,subodh-awasthi-Vostro-3500,7.5,41.6,30.3,318,37,97771678,4091375782,0,0,0,0
2026-05-11T22:55:15.029981,subodh-awasthi-Vostro-3500,13.3,41.8,30.3,318,37,97771838,4091376076,0,0,0,0
2026-05-11T22:55:21.041686,subodh-awasthi-Vostro-3500,0.3,41.7,30.3,317,37,97772103,4091377857,0,0,0,0
2026-05-11T22:55:27.056125,subodh-awasthi-Vostro-3500,0.4,41.6,30.3,317,37,97772385,4091378101,0,0,0,0
2026-05-11T22:55:33.069329,subodh-awasthi-Vostro-3500,13.4,41.7,30.3,317,37,97772887,4091378523,0,0,0,0
2026-05-11T22:55:39.080238,subodh-awasthi-Vostro-3500,14.0,41.6,30.3,317,37,97773487,4091379815,0,0,0,0
2026-05-11T22:55:45.091794,subodh-awasthi-Vostro-3500,3.4,41.5,30.3,317,37,97773487,4091379815,0,0,0,0
2026-05-11T22:55:51.115520,subodh-awasthi-Vostro-3500,8.2,41.5,30.3,316,37,97773769,4091380059,0,0,0,0
2026-05-11T22:55:57.126408,subodh-awasthi-Vostro-3500,13.8,41.7,30.3,316,37,97773769,4091380059,0,0,0,0
2026-05-11T22:56:03.139385,subodh-awasthi-Vostro-3500,0.6,41.5,30.3,316,37,97773769,4091380575,0,0,0,0
2026-05-11T22:56:09.153706,subodh-awasthi-Vostro-3500,0.6,41.6,30.3,316,37,97775732,4091383005,0,0,0,0
2026-05-11T22:56:15.167679,subodh-awasthi-Vostro-3500,13.5,41.6,30.3,316,37,97776016,4091384795,0,0,0,0
2026-05-11T22:56:21.178703,subodh-awasthi-Vostro-3500,14.3,41.5,30.3,316,36,97776744,4091386654,0,0,0,0
2026-05-11T22:56:27.190203,subodh-awasthi-Vostro-3500,0.4,41.8,30.3,317,34,97777956,4091387822,0,0,0,0
2026-05-11T22:56:33.203794,subodh-awasthi-Vostro-3500,13.8,41.5,30.3,317,35,97794195,4091400429,0,0,0,0
2026-05-11T22:56:39.222075,subodh-awasthi-Vostro-3500,13.7,41.5,30.3,317,35,97796453,4091402243,0,0,0,0
2026-05-11T22:56:45.233386,subodh-awasthi-Vostro-3500,3.6,41.5,30.3,317,35,97796453,4091402243,0,0,0,0
2026-05-11T22:56:51.245067,subodh-awasthi-Vostro-3500,4.4,41.6,30.3,317,35,97796916,4091403173,0,0,0,0
2026-05-11T22:56:57.268729,subodh-awasthi-Vostro-3500,13.9,41.7,30.3,317,35,97797599,4091404471,0,0,0,0
2026-05-11T22:57:03.279985,subodh-awasthi-Vostro-3500,13.8,41.5,30.3,317,34,97797967,4091405952,0,0,0,0
2026-05-11T22:57:09.291467,subodh-awasthi-Vostro-3500,0.5,41.6,30.3,317,34,97798029,4091406098,0,0,0,0
2026-05-11T22:57:15.305582,subodh-awasthi-Vostro-3500,4.1,41.4,30.3,317,34,97798189,4091406258,0,0,0,0
2026-05-11T22:57:21.316443,subodh-awasthi-Vostro-3500,13.6,41.4,30.3,317,34,97798454,4091407039,0,0,0,0
2026-05-11T22:57:27.327586,subodh-awasthi-Vostro-3500,0.4,41.4,30.3,317,34,97798736,4091407283,0,0,0,0
2026-05-11T22:57:33.341669,subodh-awasthi-Vostro-3500,0.8,41.3,30.3,317,34,97798947,4091407894,0,0,0,0
2026-05-11T22:57:39.355112,subodh-awasthi-Vostro-3500,13.4,41.5,30.3,317,34,97798947,4091408410,0,0,0,0
2026-05-11T22:57:45.367085,subodh-awasthi-Vostro-3500,16.1,41.8,30.3,317,34,97798947,4091408410,0,0,0,0
2026-05-11T22:57:51.384002,subodh-awasthi-Vostro-3500,0.4,41.6,30.3,317,36,97814157,4091427323,0,0,0,0
2026-05-11T22:57:57.397947,subodh-awasthi-Vostro-3500,8.5,41.4,30.3,317,36,97814219,4091427383,0,0,0,0
2026-05-11T22:58:03.408931,subodh-awasthi-Vostro-3500,14.1,41.8,30.3,318,36,97814305,4091428117,0,0,0,0
2026-05-11T22:58:09.420851,subodh-awasthi-Vostro-3500,0.9,41.7,30.3,317,36,97814305,4091428557,0,0,0,0
2026-05-11T22:58:15.444953,subodh-awasthi-Vostro-3500,0.5,41.4,30.3,317,36,97814747,4091429163,0,0,0,0
2026-05-11T22:58:21.458414,subodh-awasthi-Vostro-3500,13.2,41.4,30.3,317,34,97815740,4091431029,0,0,0,0
2026-05-11T22:58:27.476446,subodh-awasthi-Vostro-3500,13.9,41.5,30.3,317,34,97815802,4091431089,0,0,0,0
2026-05-11T22:58:33.494706,subodh-awasthi-Vostro-3500,0.5,41.5,30.3,317,34,97816295,4091431438,0,0,0,0
2026-05-11T22:58:39.519435,subodh-awasthi-Vostro-3500,11.8,41.4,30.3,317,34,97816295,4091432174,0,0,0,0
2026-05-11T22:58:45.537525,subodh-awasthi-Vostro-3500,17.2,41.7,30.3,317,34,97816295,4091432834,0,0,0,0
2026-05-11T22:58:51.549818,subodh-awasthi-Vostro-3500,0.4,41.2,30.3,317,34,97816471,4091433140,0,0,0,0
2026-05-11T22:58:57.563774,subodh-awasthi-Vostro-3500,0.8,41.1,30.3,317,34,97816577,4091433518,0,0,0,0
2026-05-11T22:59:03.577697,subodh-awasthi-Vostro-3500,13.6,41.6,30.3,317,34,97816663,4091434166,0,0,0,0
2026-05-11T22:59:09.588547,subodh-awasthi-Vostro-3500,13.9,41.0,30.3,317,34,97817532,4091434928,0,0,0,0
2026-05-11T22:59:15.599863,subodh-awasthi-Vostro-3500,0.4,41.1,30.3,317,34,97818983,4091436272,0,0,0,0
2026-05-11T22:59:21.613276,subodh-awasthi-Vostro-3500,13.4,41.1,30.3,317,34,97819667,4091437349,0,0,0,0
2026-05-11T22:59:27.624197,subodh-awasthi-Vostro-3500,13.5,41.3,30.3,317,34,97819667,4091437789,0,0,0,0
2026-05-11T22:59:33.637534,subodh-awasthi-Vostro-3500,0.6,41.3,30.3,317,34,97819667,4091437789,0,0,0,0
2026-05-11T22:59:39.652131,subodh-awasthi-Vostro-3500,0.3,41.2,30.3,317,34,97819667,4091438305,0,0,0,0
2026-05-11T22:59:45.666080,subodh-awasthi-Vostro-3500,15.8,41.5,30.3,317,34,97819949,4091438549,0,0,0,0
2026-05-11T22:59:51.684309,subodh-awasthi-Vostro-3500,13.9,41.2,30.3,317,34,97819949,4091438549,0,0,0,0
2026-05-11T22:59:57.695836,subodh-awasthi-Vostro-3500,0.6,41.1,30.3,317,34,97819949,4091438549,0,0,0,0
2026-05-11T23:00:03.709806,subodh-awasthi-Vostro-3500,13.8,41.1,30.3,318,34,97819949,4091439285,0,0,0,0
2026-05-11T23:00:09.720796,subodh-awasthi-Vostro-3500,14.3,41.5,30.3,318,34,97820231,4091439529,0,0,0,0
2026-05-11T23:00:15.739928,subodh-awasthi-Vostro-3500,0.5,41.4,30.3,318,35,97829298,4091446482,0,0,0,0
2026-05-11T23:00:21.754259,subodh-awasthi-Vostro-3500,0.3,41.2,30.3,318,35,97830194,4091449643,0,0,0,0
2026-05-11T23:00:27.768047,subodh-awasthi-Vostro-3500,13.6,41.6,30.3,318,34,97830677,4091450156,0,0,0,0
2026-05-11T23:00:33.779050,subodh-awasthi-Vostro-3500,12.6,41.2,30.3,319,34,97830677,4091450156,0,0,0,0
2026-05-11T23:00:39.803192,subodh-awasthi-Vostro-3500,0.5,41.2,30.3,319,34,97830677,4091451112,0,0,0,0
2026-05-11T23:00:45.817116,subodh-awasthi-Vostro-3500,16.6,40.9,30.3,319,34,97830677,4091451112,0,0,0,0
2026-05-11T23:00:51.827930,subodh-awasthi-Vostro-3500,13.9,41.3,30.3,319,34,97838733,4091564053,0,0,0,0
2026-05-11T23:00:57.839475,subodh-awasthi-Vostro-3500,0.6,41.2,30.3,319,34,97838955,4091564259,0,0,0,0
2026-05-11T23:01:03.854054,subodh-awasthi-Vostro-3500,1.3,41.1,30.3,319,34,97838955,4091564517,0,0,0,0
2026-05-11T23:01:09.867482,subodh-awasthi-Vostro-3500,13.9,41.6,30.3,319,34,97838955,4091564995,0,0,0,0
2026-05-11T23:01:15.878178,subodh-awasthi-Vostro-3500,6.4,41.4,30.3,319,34,97839291,4091565461,0,0,0,0
2026-05-11T23:01:21.892656,subodh-awasthi-Vostro-3500,0.3,41.2,30.3,319,33,97839768,4091566798,0,0,0,0
2026-05-11T23:01:27.905751,subodh-awasthi-Vostro-3500,13.3,40.8,30.3,319,33,97839866,4091567124,0,0,0,0
2026-05-11T23:01:33.916503,subodh-awasthi-Vostro-3500,13.8,41.0,30.3,319,33,97839866,4091567124,0,0,0,0
2026-05-11T23:01:39.928449,subodh-awasthi-Vostro-3500,3.0,41.0,30.3,319,34,97848397,4091574981,0,0,0,0
2026-05-11T23:01:45.942993,subodh-awasthi-Vostro-3500,4.3,40.9,30.3,319,35,97858337,4091578733,0,0,0,0
2026-05-11T23:01:51.956853,subodh-awasthi-Vostro-3500,13.5,41.4,30.3,318,36,97861509,4091582682,0,0,0,0
2026-05-11T23:01:57.975490,subodh-awasthi-Vostro-3500,3.4,41.2,30.3,318,37,97869413,4091596643,0,0,0,0
2026-05-11T23:02:03.990167,subodh-awasthi-Vostro-3500,1.3,40.9,30.3,318,37,97869589,4091597245,0,0,0,0
2026-05-11T23:02:10.004299,subodh-awasthi-Vostro-3500,13.4,40.5,30.3,318,37,97869801,4091597481,0,0,0,0
2026-05-11T23:02:16.022522,subodh-awasthi-Vostro-3500,13.9,41.2,30.3,318,36,97869961,4091597843,0,0,0,0
2026-05-11T23:02:22.033932,subodh-awasthi-Vostro-3500,0.4,40.9,30.3,318,36,97870398,4091598888,0,0,0,0
2026-05-11T23:02:28.048422,subodh-awasthi-Vostro-3500,2.4,40.9,30.3,318,35,97871046,4091600595,0,0,0,0
2026-05-11T23:02:34.059449,subodh-awasthi-Vostro-3500,13.9,41.3,30.3,318,36,97884839,4091613217,0,0,0,0
2026-05-11T23:02:40.070782,subodh-awasthi-Vostro-3500,0.3,40.9,30.3,318,36,97890417,4091616128,0,0,0,0
2026-05-11T23:02:46.085018,subodh-awasthi-Vostro-3500,9.6,41.0,30.3,318,36,97890886,4091616517,0,0,0,0
2026-05-11T23:14:15.884407,subodh-awasthi-Vostro-3500,0.6,41.0,30.3,319,36,98021791,4093720258,0,0,0,0
2026-05-11T23:14:21.898641,subodh-awasthi-Vostro-3500,0.3,41.0,30.3,319,35,98022154,4093721211,0,0,0,0
2026-05-11T23:14:27.912451,subodh-awasthi-Vostro-3500,14.3,41.7,30.3,319,35,98022905,4093721778,0,0,0,0
2026-05-11T23:14:33.923218,subodh-awasthi-Vostro-3500,13.8,41.0,30.3,319,35,98022905,4093721778,0,0,0,0
2026-05-11T23:14:39.935480,subodh-awasthi-Vostro-3500,5.1,41.2,30.3,319,35,98022905,4093722294,0,0,0,0
2026-05-11T23:14:45.946454,subodh-awasthi-Vostro-3500,14.0,41.0,30.3,319,35,98023212,4093722563,0,0,0,0
